400,Barrels,David Johnson
401,Bottles,Sarah Garcia
402,Machinery,Michael Miller
403,Barrels,Sarah Jones
404,Labels,Sarah Davis
405,Machinery,Michael Smith
406,Bottles,Jessica Jones
407,Barrels,Mary Williams
408,Labels,Michael Garcia
409,Labels,John Johnson
410,Barrels,Mary Martinez
411,Barrels,Daniel Jones
412,Barrels,David Williams
413,Barrels,Chris Williams
414,Machinery,Chris Davis
415,Labels,John Martinez
416,Barrels,John Miller
417,Machinery,Mary Miller
418,Bottles,Jane Davis
419,Machinery,David Smith
420,Labels,Chris Williams
421,Boxes,Michael Garcia
422,Barrels,David Johnson
423,Labels,Jessica Brown
424,Bottles,Sarah Johnson
425,Machinery,Jessica Garcia
426,Machinery,Chris Jones
427,Barrels,Jane Rodriguez
428,Machinery,Michael Martinez
429,Boxes,John Williams
430,Boxes,Chris Garcia
431,Bottles,John Williams
432,Boxes,Sarah Martinez
433,Machinery,Sarah Brown
434,Labels,Alex Johnson
435,Labels,Alex Martinez
436,Labels,John Martinez
437,Labels,Jane Smith
438,Bottles,Mary Davis
439,Bottles,Sarah Smith
440,Labels,David Martinez
441,Boxes,Jessica Williams
442,Bottles,Daniel Garcia
443,Bottles,Jessica Miller
444,Barrels,Daniel Martinez
445,Labels,Jane Davis
446,Machinery,Mary Williams
447,Machinery,Sarah Smith
448,Barrels,David Garcia
449,Machinery,David Williams
450,Barrels,John Jones
451,Bottles,Chris Williams
452,Bottles,John Rodriguez
453,Machinery,Sarah Jones
454,Boxes,Michael Johnson
455,Machinery,David Miller
456,Barrels,Michael Garcia
457,Labels,Jane Johnson
458,Labels,Jessica Martinez
459,Barrels,Sarah Davis
460,Barrels,John Smith
461,Machinery,Jane Davis
462,Bottles,Chris Johnson
463,Boxes,Jessica Rodriguez
464,Labels,Michael Smith
465,Machinery,Sarah Miller
466,Boxes,Mary Davis
467,Boxes,Mary Rodriguez
468,Bottles,Jane Garcia
469,Machinery,Michael Garcia
470,Barrels,Jessica Smith
471,Labels,Daniel Jones
472,Bottles,Sarah Davis
473,Bottles,David Davis
474,Boxes,Jane Jones
475,Labels,Michael Johnson
476,Labels,David Johnson
477,Bottles,David Brown
478,Machinery,Jane Jones
479,Labels,Mary Brown
480,Machinery,Jessica Smith
481,Boxes,Sarah Rodriguez
482,Labels,Sarah Smith
483,Labels,Chris Rodriguez
484,Bottles,John Martinez
485,Machinery,Daniel Rodriguez
486,Barrels,John Johnson
487,Barrels,Jane Garcia
488,Labels,Jane Jones
489,Barrels,Alex Johnson
490,Barrels,Michael Davis
491,Labels,Sarah Williams
492,Machinery,Mary Williams
493,Labels,Chris Jones
494,Bottles,John Smith
495,Barrels,Daniel Brown
496,Boxes,Alex Williams
497,Machinery,Mary Garcia
498,Barrels,Sarah Davis
499,Boxes,Sarah Garcia
500,Machinery,Mary Jones
501,Machinery,Jessica Miller
502,Labels,Alex Johnson
503,Bottles,Jessica Smith
504,Barrels,Michael Brown
505,Bottles,John Jones
506,Labels,John Johnson
507,Boxes,Daniel Jones
508,Labels,Alex Miller
509,Labels,Mary Martinez
510,Bottles,Alex Rodriguez
511,Bottles,John Johnson
512,Barrels,Sarah Rodriguez
513,Barrels,Sarah Williams
514,Labels,Daniel Miller
515,Machinery,Chris Smith
516,Boxes,John Miller
517,Boxes,Mary Johnson
518,Labels,Daniel Brown
519,Machinery,Alex Martinez
520,Labels,Michael Rodriguez
521,Barrels,Jane Jones
522,Barrels,Michael Brown
523,Bottles,Jane Johnson
524,Barrels,Alex Davis
525,Boxes,Sarah Miller
526,Labels,Michael Smith
527,Barrels,Jessica Garcia
528,Machinery,Alex Johnson
529,Bottles,David Rodriguez
530,Labels,Michael Jones
531,Machinery,Chris Miller
532,Machinery,Michael Williams
533,Barrels,Sarah Johnson
534,Barrels,Alex Williams
535,Barrels,Chris Miller
536,Boxes,Michael Rodriguez
537,Labels,Alex Johnson
538,Bottles,Alex Rodriguez
539,Labels,Chris Johnson
540,Boxes,Chris Martinez
541,Machinery,Jessica Martinez
542,Boxes,Jessica Johnson
543,Machinery,John Smith
544,Barrels,Chris Brown
545,Boxes,John Rodriguez
546,Machinery,Jessica Miller
547,Bottles,John Williams
548,Boxes,Jane Miller
549,Labels,Sarah Martinez
550,Barrels,Jane Brown
551,Boxes,Sarah Miller
552,Boxes,Jessica Jones
553,Machinery,Michael Miller
554,Labels,Sarah Garcia
555,Bottles,Daniel Davis
556,Machinery,Mary Brown
557,Boxes,Sarah Johnson
558,Bottles,Daniel Garcia
559,Machinery,John Smith
560,Machinery,Daniel Martinez
561,Labels,Alex Smith
562,Boxes,Jane Martinez
563,Barrels,Daniel Johnson
564,Machinery,Chris Miller
565,Boxes,Alex Rodriguez
566,Barrels,David Jones
567,Labels,John Smith
568,Boxes,David Brown
569,Labels,Chris Garcia
570,Labels,Sarah Miller
571,Labels,John Rodriguez
572,Boxes,Chris Rodriguez
573,Boxes,Sarah Williams
574,Barrels,John Martinez
575,Barrels,Daniel Williams
576,Barrels,Chris Jones
577,Labels,John Johnson
578,Boxes,Sarah Brown
579,Machinery,Chris Williams
580,Bottles,Daniel Brown
581,Labels,Jane Rodriguez
582,Labels,Michael Davis
583,Machinery,Alex Garcia
584,Barrels,Sarah Brown
585,Barrels,Jane Jones
586,Boxes,Sarah Johnson
587,Machinery,Mary Garcia
588,Barrels,Alex Jones
589,Machinery,Jessica Williams
590,Barrels,Michael Garcia
591,Boxes,Michael Smith
592,Bottles,John Jones
593,Barrels,Sarah Garcia
594,Machinery,Jessica Garcia
595,Boxes,John Martinez
596,Machinery,David Brown
597,Boxes,David Brown
598,Labels,John Williams
599,Bottles,Mary Smith
600,Bottles,Michael Jones
601,Machinery,Michael Smith
602,Boxes,Michael Jones
603,Boxes,Jessica Davis
604,Boxes,Mary Davis
605,Labels,David Jones
606,Machinery,Michael Davis
607,Machinery,John Davis
608,Machinery,David Brown
609,Labels,Alex Davis
610,Boxes,John Martinez
611,Boxes,Jane Rodriguez
612,Barrels,Daniel Jones
613,Labels,Chris Jones
614,Machinery,Chris Martinez
615,Bottles,Jane Smith
616,Barrels,Michael Brown
617,Bottles,Alex Smith
618,Labels,Sarah Brown
619,Machinery,Daniel Garcia
620,Labels,Michael Johnson
621,Boxes,David Garcia
622,Machinery,Alex Davis
623,Bottles,Daniel Miller
624,Barrels,Chris Brown
625,Machinery,Mary Williams
626,Barrels,Chris Martinez
627,Labels,David Garcia
628,Labels,Jessica Martinez
629,Bottles,John Johnson
630,Bottles,Daniel Smith
631,Bottles,Jane Brown
632,Machinery,Sarah Brown
633,Machinery,John Martinez
634,Barrels,Mary Martinez
635,Boxes,Mary Martinez
636,Bottles,Mary Jones
637,Boxes,David Garcia
638,Labels,Alex Jones
639,Machinery,Alex Johnson
640,Machinery,Sarah Williams
641,Barrels,Sarah Garcia
642,Machinery,Mary Smith
643,Bottles,Mary Garcia
644,Bottles,Alex Johnson
645,Bottles,David Martinez
646,Labels,Alex Brown
647,Machinery,David Garcia
648,Labels,David Garcia
649,Bottles,Jane Brown
650,Bottles,Sarah Davis
651,Machinery,Sarah Jones
652,Machinery,Chris Brown
653,Machinery,Sarah Davis
654,Machinery,Jessica Miller
655,Bottles,Alex Garcia
656,Labels,John Martinez
657,Boxes,John Garcia
658,Boxes,Jessica Smith
659,Boxes,Jessica Martinez
660,Boxes,Alex Martinez
661,Boxes,Jane Garcia
662,Machinery,Jane Miller
663,Barrels,Sarah Jones
664,Barrels,Sarah Williams
665,Bottles,Mary Jones
666,Barrels,Jessica Brown
667,Bottles,Michael Davis
668,Machinery,Michael Johnson
669,Labels,Mary Jones
670,Bottles,Jane Smith
671,Barrels,Alex Davis
672,Machinery,Chris Smith
673,Boxes,Jessica Smith
674,Labels,Michael Brown
675,Labels,Jane Garcia
676,Labels,Jane Jones
677,Barrels,Mary Brown
678,Barrels,Mary Jones
679,Bottles,Jane Martinez
680,Machinery,Michael Smith
681,Barrels,Sarah Jones
682,Bottles,Alex Johnson
683,Boxes,Jessica Smith
684,Boxes,Chris Johnson
685,Machinery,David Smith
686,Barrels,Jane Jones
687,Labels,John Garcia
688,Boxes,Sarah Brown
689,Bottles,Alex Miller
690,Bottles,Mary Martinez
691,Boxes,Michael Brown
692,Labels,Alex Jones
693,Boxes,Jessica Garcia
694,Machinery,Michael Miller
695,Bottles,Mary Brown
696,Bottles,Jessica Johnson
697,Labels,Sarah Rodriguez
698,Barrels,Jane Williams
699,Barrels,Michael Williams
700,Bottles,Mary Brown
701,Bottles,David Jones
702,Barrels,John Johnson
703,Boxes,Chris Garcia
704,Boxes,Daniel Rodriguez
705,Bottles,Sarah Brown
706,Bottles,Mary Brown
707,Barrels,Sarah Davis
708,Machinery,John Davis
709,Barrels,Jessica Rodriguez
710,Labels,Daniel Brown
711,Bottles,Daniel Smith
712,Boxes,Jessica Smith
713,Barrels,Jessica Garcia
714,Boxes,John Davis
715,Boxes,Chris Johnson
716,Labels,Alex Davis
717,Boxes,Jane Brown
718,Bottles,Jessica Smith
719,Labels,Daniel Garcia
720,Machinery,Alex Jones
721,Bottles,Jessica Jones
722,Bottles,Sarah Garcia
723,Bottles,Chris Jones
724,Barrels,John Garcia
725,Labels,Mary Williams
726,Barrels,Chris Smith
727,Labels,Mary Brown
728,Bottles,David Rodriguez
729,Machinery,Sarah Brown
730,Machinery,Chris Williams
731,Machinery,David Johnson
732,Boxes,Sarah Martinez
733,Labels,Jessica Rodriguez
734,Boxes,Chris Rodriguez
735,Labels,Michael Johnson
736,Barrels,Michael Johnson
737,Boxes,Sarah Jones
738,Machinery,Michael Smith
739,Labels,John Garcia
740,Labels,Chris Brown
741,Boxes,Mary Smith
742,Machinery,Alex Johnson
743,Labels,Daniel Johnson
744,Barrels,Jessica Johnson
745,Boxes,David Jones
746,Barrels,Jessica Martinez
747,Boxes,John Brown
748,Bottles,Mary Williams
749,Boxes,Jane Johnson
750,Boxes,Alex Garcia
751,Machinery,Chris Williams
752,Machinery,Alex Davis
753,Boxes,Jane Davis
754,Labels,Chris Martinez
755,Bottles,Sarah Miller
756,Barrels,Jane Davis
757,Bottles,Michael Davis
758,Machinery,Daniel Williams
759,Labels,Jessica Rodriguez
760,Bottles,Jane Brown
761,Barrels,Jessica Jones
762,Machinery,Alex Williams
763,Labels,David Davis
764,Machinery,Chris Martinez
765,Barrels,Jane Johnson
766,Labels,Michael Brown
767,Bottles,David Garcia
768,Labels,Mary Smith
769,Labels,Jane Rodriguez
770,Boxes,David Brown
771,Boxes,Jessica Garcia
772,Barrels,Jessica Rodriguez
773,Barrels,Sarah Martinez
774,Boxes,Jessica Johnson
775,Barrels,Daniel Davis
776,Labels,Sarah Martinez
777,Labels,Sarah Rodriguez
778,Boxes,Chris Johnson
779,Boxes,Daniel Johnson
780,Labels,John Brown
781,Labels,Jane Garcia
782,Bottles,Mary Jones
783,Labels,Jane Martinez
784,Labels,Jane Garcia
785,Boxes,Mary Rodriguez
786,Machinery,Michael Miller
787,Labels,Sarah Miller
788,Bottles,Michael Miller
789,Labels,Michael Johnson
790,Labels,Michael Rodriguez
791,Labels,Michael Rodriguez
792,Bottles,Michael Johnson
793,Barrels,Daniel Jones
794,Bottles,Jessica Rodriguez
795,Machinery,Daniel Smith
796,Labels,Jane Davis
797,Bottles,Jessica Smith
798,Machinery,Sarah Garcia
799,Machinery,David Martinez
